{"cameraMode":{"drawMode":0,"name":"Shaded","section":"Shading Mode"},"sceneLighting":false,"audioPlay":false,"sceneViewState":{"showFog":true,"showMaterialUpdate":false,"showSkybox":false,"showFlares":true,"showImageEffects":true,"showParticleSystems":true},"in2DMode":false,"pivot":{"x":25.455434799194337,"y":28.67844009399414,"z":21.207242965698243},"rotation":{"x":-0.058044761419296268,"y":0.25399595499038699,"z":0.01511378027498722,"w":0.9655546545982361},"size":60.009300231933597,"orthographic":false}