{"cameraMode":{"drawMode":0,"name":"Shaded","section":"Shading Mode"},"sceneLighting":true,"audioPlay":false,"sceneViewState":{"showFog":true,"showMaterialUpdate":false,"showSkybox":true,"showFlares":true,"showImageEffects":true,"showParticleSystems":true},"in2DMode":false,"pivot":{"x":-64.94218444824219,"y":2.299999952316284,"z":-13.8125638961792},"rotation":{"x":0.2561935782432556,"y":0.6314761638641357,"z":-0.22958272695541383,"w":0.6956435441970825},"size":22.88626480102539,"orthographic":false}