{"cameraMode":{"drawMode":0,"name":"Shaded","section":"Shading Mode"},"sceneLighting":false,"audioPlay":false,"sceneViewState":{"showFog":true,"showMaterialUpdate":false,"showSkybox":false,"showFlares":true,"showImageEffects":true,"showParticleSystems":true},"in2DMode":false,"pivot":{"x":-3.385460138320923,"y":1.4433280229568482,"z":-2.987257957458496},"rotation":{"x":-0.016594916582107545,"y":-0.9788315892219544,"z":0.08833370357751847,"w":-0.18389225006103517},"size":12.929605484008789,"orthographic":false}