{"cameraMode":{"drawMode":0,"name":"Shaded","section":"Shading Mode"},"sceneLighting":false,"audioPlay":false,"sceneViewState":{"showFog":true,"showMaterialUpdate":false,"showSkybox":false,"showFlares":true,"showImageEffects":true,"showParticleSystems":true},"in2DMode":false,"pivot":{"x":0.3477821350097656,"y":13.083045959472657,"z":9.5367431640625e-7},"rotation":{"x":-0.28322911262512209,"y":-0.5107424855232239,"z":0.18507778644561768,"w":-0.7909030914306641},"size":61.9439697265625,"orthographic":false}