{"cameraMode":{"drawMode":0,"name":"Shaded","section":"Shading Mode"},"sceneLighting":false,"audioPlay":false,"sceneViewState":{"showFog":true,"showMaterialUpdate":false,"showSkybox":false,"showFlares":true,"showImageEffects":true,"showParticleSystems":true},"in2DMode":false,"pivot":{"x":-0.9376916885375977,"y":-0.9662694931030273,"z":6.736525535583496},"rotation":{"x":-0.23852413892745973,"y":0.16568005084991456,"z":-0.04133013263344765,"w":-0.9560323357582092},"size":13.97135066986084,"orthographic":false}