{"cameraMode":{"drawMode":0,"name":"Shaded","section":"Shading Mode"},"sceneLighting":false,"audioPlay":false,"sceneViewState":{"showFog":true,"showMaterialUpdate":false,"showSkybox":false,"showFlares":true,"showImageEffects":true,"showParticleSystems":true},"in2DMode":false,"pivot":{"x":-0.2923208177089691,"y":1.3687998056411744,"z":-2.620532989501953},"rotation":{"x":0.019566040486097337,"y":-0.9638457894325256,"z":0.07387842983007431,"w":0.2552666962146759},"size":7.3657145500183109,"orthographic":false}