{"cameraMode":{"drawMode":0,"name":"Shaded","section":"Shading Mode"},"sceneLighting":false,"audioPlay":false,"sceneViewState":{"showFog":true,"showMaterialUpdate":false,"showSkybox":false,"showFlares":true,"showImageEffects":true,"showParticleSystems":true},"in2DMode":false,"pivot":{"x":0.00001222095852426719,"y":0.00003031762935279403,"z":0.000010817722795763984},"rotation":{"x":0.11698281764984131,"y":0.2595946490764618,"z":0.03170384094119072,"w":-0.9581038355827332},"size":4.524062156677246,"orthographic":false}