{"cameraMode":{"drawMode":0,"name":"Shaded","section":"Shading Mode"},"sceneLighting":false,"audioPlay":false,"sceneViewState":{"showFog":true,"showMaterialUpdate":false,"showSkybox":false,"showFlares":true,"showImageEffects":true,"showParticleSystems":true},"in2DMode":false,"pivot":{"x":0.03986167907714844,"y":0.2928864061832428,"z":0.019017457962036134},"rotation":{"x":0.11243472993373871,"y":-0.22216007113456727,"z":0.02540368027985096,"w":0.9684323668479919},"size":16.514766693115236,"orthographic":false}