{"cameraMode":{"drawMode":0,"name":"Shaded","section":"Shading Mode"},"sceneLighting":false,"audioPlay":false,"sceneViewState":{"showFog":true,"showMaterialUpdate":false,"showSkybox":false,"showFlares":true,"showImageEffects":true,"showParticleSystems":true},"in2DMode":false,"pivot":{"x":-84.04788970947266,"y":1.3743064403533936,"z":0.21224670112133027},"rotation":{"x":0.1955210268497467,"y":0.44718700647354128,"z":-0.09827924519777298,"w":0.8678481578826904},"size":9.621071815490723,"orthographic":false}