{"cameraMode":{"drawMode":0,"name":"Shaded","section":"Shading Mode"},"sceneLighting":false,"audioPlay":false,"sceneViewState":{"showFog":true,"showMaterialUpdate":false,"showSkybox":false,"showFlares":true,"showImageEffects":true,"showParticleSystems":true},"in2DMode":false,"pivot":{"x":-2.9603002071380617,"y":10.452268600463868,"z":14.817950248718262},"rotation":{"x":0.06145630031824112,"y":0.012884861789643765,"z":0.0007940380019135773,"w":-0.9980313777923584},"size":60.009300231933597,"orthographic":false}