{"cameraMode":{"drawMode":0,"name":"Shaded","section":"Shading Mode"},"sceneLighting":false,"audioPlay":false,"sceneViewState":{"showFog":true,"showMaterialUpdate":false,"showSkybox":false,"showFlares":true,"showImageEffects":true,"showParticleSystems":true},"in2DMode":false,"pivot":{"x":0.4627727270126343,"y":-3.694700241088867,"z":-7.101937294006348},"rotation":{"x":-0.006309537682682276,"y":0.9907451868057251,"z":-0.1285136491060257,"w":-0.04833398386836052},"size":12.393989562988282,"orthographic":false}