{"cameraMode":{"drawMode":0,"name":"Shaded","section":"Shading Mode"},"sceneLighting":false,"audioPlay":false,"sceneViewState":{"showFog":true,"showMaterialUpdate":false,"showSkybox":false,"showFlares":true,"showImageEffects":true,"showParticleSystems":true},"in2DMode":false,"pivot":{"x":-0.14859983325004579,"y":-0.027460705488920213,"z":-1.254976749420166},"rotation":{"x":-0.15276336669921876,"y":0.25965365767478945,"z":-0.04163450002670288,"w":-0.9526550769805908},"size":4.440470218658447,"orthographic":false}