{"cameraMode":{"drawMode":0,"name":"Shaded","section":"Shading Mode"},"sceneLighting":false,"audioPlay":false,"sceneViewState":{"showFog":true,"showMaterialUpdate":false,"showSkybox":false,"showFlares":true,"showImageEffects":true,"showParticleSystems":true},"in2DMode":false,"pivot":{"x":-0.0017910003662109376,"y":0.7066517472267151,"z":0.06986652314662934},"rotation":{"x":-0.05922042950987816,"y":-0.8354061245918274,"z":0.09184453636407852,"w":-0.5386627316474915},"size":4.98207426071167,"orthographic":false}