{"cameraMode":{"drawMode":0,"name":"Shaded","section":"Shading Mode"},"sceneLighting":false,"audioPlay":false,"sceneViewState":{"showFog":true,"showMaterialUpdate":false,"showSkybox":false,"showFlares":true,"showImageEffects":true,"showParticleSystems":true},"in2DMode":false,"pivot":{"x":2.3105030059814455,"y":3.6822166442871095,"z":2.0022506713867189},"rotation":{"x":-0.057361479848623279,"y":0.19629588723182679,"z":-0.011356917209923268,"w":-0.9790175557136536},"size":22.0,"orthographic":false}