{"cameraMode":{"drawMode":0,"name":"Shaded","section":"Shading Mode"},"sceneLighting":false,"audioPlay":false,"sceneViewState":{"showFog":true,"showMaterialUpdate":false,"showSkybox":false,"showFlares":true,"showImageEffects":true,"showParticleSystems":true},"in2DMode":false,"pivot":{"x":0.02539065107703209,"y":2.131183385848999,"z":-0.055105067789554599},"rotation":{"x":0.09114351868629456,"y":-0.90861976146698,"z":0.29909226298332217,"w":0.2768903374671936},"size":6.353598117828369,"orthographic":false}