{"cameraMode":{"drawMode":0,"name":"Shaded","section":"Shading Mode"},"sceneLighting":false,"audioPlay":false,"sceneViewState":{"showFog":true,"showMaterialUpdate":false,"showSkybox":false,"showFlares":true,"showImageEffects":true,"showParticleSystems":true},"in2DMode":false,"pivot":{"x":737.6521606445313,"y":73.47305297851563,"z":-111.91986083984375},"rotation":{"x":-0.17889903485774995,"y":-0.03900926932692528,"z":0.007074938155710697,"w":-0.9831063747406006},"size":962.8634643554688,"orthographic":false}