{"cameraMode":{"drawMode":0,"name":"Shaded","section":"Shading Mode"},"sceneLighting":false,"audioPlay":false,"sceneViewState":{"showFog":false,"showMaterialUpdate":false,"showSkybox":false,"showFlares":false,"showImageEffects":false,"showParticleSystems":false},"in2DMode":false,"pivot":{"x":563.277587890625,"y":389.2420959472656,"z":21.57757568359375},"rotation":{"x":-0.10956871509552002,"y":-0.27823367714881899,"z":0.025477081537246705,"w":-0.9546041488647461},"size":1322.32958984375,"orthographic":false}