{"cameraMode":{"drawMode":0,"name":"Shaded","section":"Shading Mode"},"sceneLighting":false,"audioPlay":false,"sceneViewState":{"showFog":true,"showMaterialUpdate":false,"showSkybox":false,"showFlares":true,"showImageEffects":true,"showParticleSystems":true},"in2DMode":false,"pivot":{"x":-0.08332067728042603,"y":0.5101707577705383,"z":-0.0026330500841140749},"rotation":{"x":-0.1341543346643448,"y":0.3971240520477295,"z":-0.058801740407943729,"w":-0.9060240983963013},"size":2.261667013168335,"orthographic":false}