{"cameraMode":{"drawMode":0,"name":"Shaded","section":"Shading Mode"},"sceneLighting":false,"audioPlay":false,"sceneViewState":{"showFog":true,"showMaterialUpdate":false,"showSkybox":false,"showFlares":true,"showImageEffects":true,"showParticleSystems":true},"in2DMode":false,"pivot":{"x":-13.604541778564454,"y":4.007214069366455,"z":-12.66869831085205},"rotation":{"x":0.04719046875834465,"y":-0.8675507307052612,"z":0.08345206081867218,"w":0.4884832501411438},"size":36.16385269165039,"orthographic":false}