{"cameraMode":{"drawMode":0,"name":"Shaded","section":"Shading Mode"},"sceneLighting":false,"audioPlay":false,"sceneViewState":{"showFog":true,"showMaterialUpdate":false,"showSkybox":false,"showFlares":true,"showImageEffects":true,"showParticleSystems":true},"in2DMode":false,"pivot":{"x":1.4590964317321778,"y":-0.28087007999420168,"z":-0.5960637331008911},"rotation":{"x":-0.1698901504278183,"y":0.6793850064277649,"z":-0.16625571250915528,"w":-0.6942257285118103},"size":10.528337478637696,"orthographic":false}