{"cameraMode":{"drawMode":0,"name":"Shaded","section":"Shading Mode"},"sceneLighting":false,"audioPlay":false,"sceneViewState":{"showFog":true,"showMaterialUpdate":false,"showSkybox":false,"showFlares":true,"showImageEffects":true,"showParticleSystems":true},"in2DMode":false,"pivot":{"x":-34.210693359375,"y":16.15816307067871,"z":26.786476135253908},"rotation":{"x":-0.40400296449661257,"y":-0.06610234081745148,"z":0.030981292948126794,"w":-0.9123126268386841},"size":75.91921997070313,"orthographic":false}