{"cameraMode":{"drawMode":0,"name":"Shaded","section":"Shading Mode"},"sceneLighting":false,"audioPlay":false,"sceneViewState":{"showFog":true,"showMaterialUpdate":false,"showSkybox":false,"showFlares":true,"showImageEffects":true,"showParticleSystems":true},"in2DMode":false,"pivot":{"x":-6.652000427246094,"y":0.18433231115341187,"z":7.2101731300354},"rotation":{"x":-0.005677426233887672,"y":-0.323467493057251,"z":-0.0019407951040193439,"w":0.9462200403213501},"size":14.799032211303711,"orthographic":false}