{"cameraMode":{"drawMode":0,"name":"Shaded","section":"Shading Mode"},"sceneLighting":false,"audioPlay":false,"sceneViewState":{"showFog":true,"showMaterialUpdate":false,"showSkybox":false,"showFlares":true,"showImageEffects":true,"showParticleSystems":true},"in2DMode":false,"pivot":{"x":-2.929574966430664,"y":2.6276230812072756,"z":0.5532951354980469},"rotation":{"x":-0.04003722965717316,"y":-0.6455420851707459,"z":-0.03392268344759941,"w":0.7619218230247498},"size":14.863656044006348,"orthographic":false}