{"cameraMode":{"drawMode":0,"name":"Shaded","section":"Shading Mode"},"sceneLighting":false,"audioPlay":false,"sceneViewState":{"showFog":true,"showMaterialUpdate":false,"showSkybox":false,"showFlares":true,"showImageEffects":true,"showParticleSystems":true},"in2DMode":false,"pivot":{"x":-1.1886415481567383,"y":2.2022705078125,"z":-7.137078285217285},"rotation":{"x":-0.0010347228962928057,"y":-0.9960204362869263,"z":0.08837880194187164,"w":-0.01165820937603712},"size":15.240046501159668,"orthographic":false}