{"cameraMode":{"drawMode":0,"name":"Shaded","section":"Shading Mode"},"sceneLighting":false,"audioPlay":false,"sceneViewState":{"showFog":true,"showMaterialUpdate":false,"showSkybox":false,"showFlares":true,"showImageEffects":true,"showParticleSystems":true},"in2DMode":false,"pivot":{"x":-0.18171115219593049,"y":-0.4271683394908905,"z":0.0636553093791008},"rotation":{"x":-0.04885374382138252,"y":-0.8517237305641174,"z":0.08072838187217713,"w":-0.5154287219047546},"size":3.7523577213287355,"orthographic":false}