{"cameraMode":{"drawMode":0,"name":"Shaded","section":"Shading Mode"},"sceneLighting":false,"audioPlay":false,"sceneViewState":{"showFog":true,"showMaterialUpdate":false,"showSkybox":false,"showFlares":true,"showImageEffects":true,"showParticleSystems":true},"in2DMode":false,"pivot":{"x":297.3004150390625,"y":30.878189086914064,"z":125.9278564453125},"rotation":{"x":0.20949842035770417,"y":0.1938818246126175,"z":-0.03850046917796135,"w":0.9582380652427673},"size":1144.2490234375,"orthographic":false}