{"cameraMode":{"drawMode":0,"name":"Shaded","section":"Shading Mode"},"sceneLighting":true,"audioPlay":false,"sceneViewState":{"showFog":true,"showMaterialUpdate":false,"showSkybox":true,"showFlares":true,"showImageEffects":true,"showParticleSystems":true},"in2DMode":false,"pivot":{"x":-76.1234359741211,"y":2.112621307373047,"z":-6.297554016113281},"rotation":{"x":0.3592551350593567,"y":0.23449745774269105,"z":-0.0937696024775505,"w":0.8984189033508301},"size":100.02021789550781,"orthographic":false}