{"cameraMode":{"drawMode":0,"name":"Shaded","section":"Shading Mode"},"sceneLighting":false,"audioPlay":false,"sceneViewState":{"showFog":true,"showMaterialUpdate":false,"showSkybox":false,"showFlares":true,"showImageEffects":true,"showParticleSystems":true},"in2DMode":false,"pivot":{"x":0.5050616264343262,"y":4.006695747375488,"z":4.000492095947266},"rotation":{"x":0.2600248456001282,"y":0.38218507170677187,"z":-0.10745257139205933,"w":0.8808888792991638},"size":12.177638053894043,"orthographic":false}