{"cameraMode":{"drawMode":0,"name":"Shaded","section":"Shading Mode"},"sceneLighting":false,"audioPlay":false,"sceneViewState":{"showFog":true,"showMaterialUpdate":false,"showSkybox":false,"showFlares":true,"showImageEffects":true,"showParticleSystems":true},"in2DMode":false,"pivot":{"x":-0.2890506982803345,"y":-0.006359918508678675,"z":-0.11927910149097443},"rotation":{"x":0.10096948593854904,"y":-0.4343617856502533,"z":0.04907296970486641,"w":0.8937182426452637},"size":5.52389669418335,"orthographic":false}