{"cameraMode":{"drawMode":0,"name":"Shaded","section":"Shading Mode"},"sceneLighting":false,"audioPlay":false,"sceneViewState":{"showFog":true,"showMaterialUpdate":false,"showSkybox":false,"showFlares":true,"showImageEffects":true,"showParticleSystems":true},"in2DMode":false,"pivot":{"x":59.92055892944336,"y":65.24650573730469,"z":-78.77178955078125},"rotation":{"x":0.2635050117969513,"y":-0.20440934598445893,"z":0.05720005929470062,"w":0.9410894513130188},"size":6.223874568939209,"orthographic":false}