{"cameraMode":{"drawMode":0,"name":"Shaded","section":"Shading Mode"},"sceneLighting":false,"audioPlay":false,"sceneViewState":{"showFog":true,"showMaterialUpdate":false,"showSkybox":false,"showFlares":true,"showImageEffects":true,"showParticleSystems":true},"in2DMode":false,"pivot":{"x":-30.101425170898439,"y":2.047170400619507,"z":120.52980041503906},"rotation":{"x":0.012108300812542439,"y":-0.9840870499610901,"z":0.07394515722990036,"w":0.16113020479679109},"size":12.747272491455079,"orthographic":false}