{"cameraMode":{"drawMode":0,"name":"Shaded","section":"Shading Mode"},"sceneLighting":true,"audioPlay":false,"sceneViewState":{"showFog":true,"showMaterialUpdate":false,"showSkybox":true,"showFlares":true,"showImageEffects":true,"showParticleSystems":true},"in2DMode":false,"pivot":{"x":-58.62060546875,"y":28.94219207763672,"z":-35.57305908203125},"rotation":{"x":-0.2988276183605194,"y":-0.14669698476791383,"z":0.03988262638449669,"w":-0.9427752494812012},"size":172.80677795410157,"orthographic":false}