{"cameraMode":{"drawMode":0,"name":"Shaded","section":"Shading Mode"},"sceneLighting":false,"audioPlay":false,"sceneViewState":{"showFog":true,"showMaterialUpdate":false,"showSkybox":false,"showFlares":true,"showImageEffects":true,"showParticleSystems":true},"in2DMode":false,"pivot":{"x":-83.70904541015625,"y":2.047170400619507,"z":-13.978193283081055},"rotation":{"x":0.011116319335997105,"y":-0.983001708984375,"z":0.17284844815731049,"w":0.06865411251783371},"size":12.747270584106446,"orthographic":false}