{"cameraMode":{"drawMode":0,"name":"Shaded","section":"Shading Mode"},"sceneLighting":false,"audioPlay":false,"sceneViewState":{"showFog":true,"showMaterialUpdate":false,"showSkybox":false,"showFlares":true,"showImageEffects":true,"showParticleSystems":true},"in2DMode":false,"pivot":{"x":-23.833206176757814,"y":5.065770149230957,"z":2.4409453868865969},"rotation":{"x":0.06373833864927292,"y":-0.5249707102775574,"z":0.03940682113170624,"w":0.8478977084159851},"size":49.54557800292969,"orthographic":false}