{"cameraMode":{"drawMode":0,"name":"Shaded","section":"Shading Mode"},"sceneLighting":false,"audioPlay":false,"sceneViewState":{"showFog":true,"showMaterialUpdate":false,"showSkybox":false,"showFlares":true,"showImageEffects":true,"showParticleSystems":true},"in2DMode":false,"pivot":{"x":-2.1785099506378176,"y":1.8663551807403565,"z":2.7864274978637697},"rotation":{"x":-0.02474798820912838,"y":-0.8930578231811523,"z":0.04965079575777054,"w":-0.4466598629951477},"size":0.749984085559845,"orthographic":false}