{"cameraMode":{"drawMode":0,"name":"Shaded","section":"Shading Mode"},"sceneLighting":false,"audioPlay":false,"sceneViewState":{"showFog":true,"showMaterialUpdate":false,"showSkybox":false,"showFlares":true,"showImageEffects":true,"showParticleSystems":true},"in2DMode":false,"pivot":{"x":3.350440740585327,"y":-0.6132215857505798,"z":-1.2986180782318116},"rotation":{"x":-0.03475022315979004,"y":-0.8322221040725708,"z":0.05249956622719765,"w":-0.5508589148521423},"size":5.87560510635376,"orthographic":false}