{"cameraMode":{"drawMode":0,"name":"Shaded","section":"Shading Mode"},"sceneLighting":false,"audioPlay":false,"sceneViewState":{"showFog":true,"showMaterialUpdate":false,"showSkybox":false,"showFlares":true,"showImageEffects":true,"showParticleSystems":true},"in2DMode":false,"pivot":{"x":610.4698486328125,"y":316.93670654296877,"z":37.14458084106445},"rotation":{"x":0.14787204563617707,"y":0.09265333414077759,"z":-0.008630353026092053,"w":0.9852262139320374},"size":1698.3980712890625,"orthographic":false}