{"cameraMode":{"drawMode":0,"name":"Shaded","section":"Shading Mode"},"sceneLighting":false,"audioPlay":false,"sceneViewState":{"showFog":true,"showMaterialUpdate":false,"showSkybox":false,"showFlares":true,"showImageEffects":true,"showParticleSystems":true},"in2DMode":false,"pivot":{"x":-11.21767520904541,"y":2.9446961879730226,"z":13.880187034606934},"rotation":{"x":-0.016057997941970826,"y":0.22980621457099915,"z":-0.003791277529671788,"w":-0.9731021523475647},"size":75.8451919555664,"orthographic":false}