{"cameraMode":{"drawMode":0,"name":"Shaded","section":"Shading Mode"},"sceneLighting":false,"audioPlay":false,"sceneViewState":{"showFog":true,"showMaterialUpdate":false,"showSkybox":false,"showFlares":true,"showImageEffects":true,"showParticleSystems":true},"in2DMode":false,"pivot":{"x":9.50595760345459,"y":-6.208885192871094,"z":-6.522057056427002},"rotation":{"x":0.12598663568496705,"y":0.8594374060630798,"z":-0.25463247299194338,"w":0.4255678951740265},"size":35.709869384765628,"orthographic":false}