{"cameraMode":{"drawMode":0,"name":"Shaded","section":"Shading Mode"},"sceneLighting":false,"audioPlay":false,"sceneViewState":{"showFog":true,"showMaterialUpdate":false,"showSkybox":false,"showFlares":true,"showImageEffects":true,"showParticleSystems":true},"in2DMode":false,"pivot":{"x":1.0912468433380128,"y":-2.9376556873321535,"z":-4.222471237182617},"rotation":{"x":0.09607010334730149,"y":0.9039157629013062,"z":-0.30359160900115969,"w":0.2863432765007019},"size":15.572399139404297,"orthographic":false}