{"cameraMode":{"drawMode":0,"name":"Shaded","section":"Shading Mode"},"sceneLighting":true,"audioPlay":false,"sceneViewState":{"showFog":true,"showMaterialUpdate":false,"showSkybox":true,"showFlares":true,"showImageEffects":true,"showParticleSystems":true},"in2DMode":false,"pivot":{"x":-79.77202606201172,"y":1.0512409210205079,"z":7.339511871337891},"rotation":{"x":0.17208550870418549,"y":-0.808932900428772,"z":0.3011605739593506,"w":0.4758618175983429},"size":116.59188842773438,"orthographic":false}