{"cameraMode":{"drawMode":0,"name":"Shaded","section":"Shading Mode"},"sceneLighting":false,"audioPlay":false,"sceneViewState":{"showFog":true,"showMaterialUpdate":false,"showSkybox":false,"showFlares":true,"showImageEffects":true,"showParticleSystems":true},"in2DMode":false,"pivot":{"x":-8.452794075012207,"y":0.4030284583568573,"z":-9.60799503326416},"rotation":{"x":0.010841025970876217,"y":-0.9439664483070374,"z":0.031162353232502939,"w":0.3283986449241638},"size":20.005186080932618,"orthographic":false}