{"cameraMode":{"drawMode":0,"name":"Shaded","section":"Shading Mode"},"sceneLighting":false,"audioPlay":false,"sceneViewState":{"showFog":true,"showMaterialUpdate":false,"showSkybox":false,"showFlares":true,"showImageEffects":true,"showParticleSystems":true},"in2DMode":false,"pivot":{"x":1.841630458831787,"y":0.31041398644447329,"z":2.430182933807373},"rotation":{"x":-0.004979339428246021,"y":0.9956443905830383,"z":-0.06427617371082306,"w":-0.07103177905082703},"size":2.7417116165161135,"orthographic":false}