{"cameraMode":{"drawMode":0,"name":"Shaded","section":"Shading Mode"},"sceneLighting":false,"audioPlay":false,"sceneViewState":{"showFog":true,"showMaterialUpdate":false,"showSkybox":false,"showFlares":true,"showImageEffects":true,"showParticleSystems":true},"in2DMode":false,"pivot":{"x":1.8204039335250855,"y":0.27122387290000918,"z":-0.06611804664134979},"rotation":{"x":-0.0850336030125618,"y":-0.8202040791511536,"z":0.12647798657417298,"w":-0.5514171123504639},"size":6.2963666915893559,"orthographic":false}