{"cameraMode":{"drawMode":0,"name":"Shaded","section":"Shading Mode"},"sceneLighting":false,"audioPlay":false,"sceneViewState":{"showFog":true,"showMaterialUpdate":false,"showSkybox":false,"showFlares":true,"showImageEffects":true,"showParticleSystems":true},"in2DMode":false,"pivot":{"x":0.05401742458343506,"y":2.025627374649048,"z":-0.2536813020706177},"rotation":{"x":0.27748554944992068,"y":0.550287663936615,"z":-0.1937207728624344,"w":0.7640987038612366},"size":7.807558536529541,"orthographic":false}